AFG_1214;Herat;;;;;;;;;;;;;x;;
AFG_1217;Kabul;;;;;;;;;;;;;x;;
ALD_1704;Oran;Oran;Oran;;;;;;;;;;;x;;
ALD_1708;Tuggurt;Tuggurt;Tuggurt;;;;;;;;;;;x;;
ALD_1714;West Central Sahara;Sahara central Ouest;Westlich-zentrale Sahara;;;;;;;;;;;x;;
ALD_1718;East Central Sahara;Sahara central Est;Östlich-zentrale Sahara;;;;;;;;;;;x;;
ALH_935;Al-Haasa;;;;;;;;;;;;;x;;
AMA_1;Cappadoce;Cappadoce;Cappadoce;;;;;;;;;;;;x;,
AMA_2;France Antartique;France Antartique;France Antartique;;;;;;;;;;;;x;,
AMA_3;Monts-Diamants;Monts-Diamants;Monts-Diamants;;;;;;;;;;;;x;,
AMA_4;Côte du Sucre;Côte du Sucre;Côte du Sucre;;;;;;;;;;;;x;,
AMA_5;Gouas;Gouas;Gouas;;;;;;;;;;;x;;
ANN_1379;Champa;Champa;Champa;;;;;;;;;;;x;;
ARG_2368;Tilcara;Tilcara;Tilcara;;;;;;;;;;;x;;
ARG_2387;Catamarca;Catamarca;Catamarca;;;;;;;;;;;x;;
AST_2244;Islas Cocos y de Navidad;Islas Cocos y de Navidad;Islas Cocos y de Navidad;;;;;;;;;;;x;;
AST_2543;Samoa;Samoa;Samoa;;;;;;;;;;;x;;
AUS_662;Eastern Galicia;Galicia;Galicia;;;;;;;;;;;x;;
AUS_702;Malopolskie;Malopolskie;Malopolskie;;;;;;;;;;;x;;
AUS_702;Eastern Galicia;;;;;;;;;;;;;x;;
AUS_736;Istria;Istrie;Istria;;;;;;;;;;;x;;
AUS_770;Karlovac;Karlovac;Karlovac;;;;;;;;;;;x;;
AUS_950;Debrecen;Debrecen;Debrecen;;;;;;;;;;;x;;
BAL_1446;Timor;Timor;Timor;;;;;;;;;;;x;;
BAV_595;Franken;Franken;Franken;;;;;;;;;;;x;;
BAV_599;Bayern;Bayern;Bayern;;;;;;;;;;;x;;
BAV_600;Oberpfalz;Oberpfalz;Oberpfalz;;;;;;;;;;;x;;
BCH_1;Tabora;Tabora;Tabora;;;;;;;;;;;x;;
BEL_1977;Bas-Congo;Bas-Congo;Bas-Congo;;;;;;;;;;;x;;
BEL_1984;Kasai;Kasai;Kasai;;;;;;;;;;;x;;
BEL_1987;Katanga;Katanga;Katanga;;;;;;;;;;;x;;
BEL_1990;Congo Orientale;Congo Oriental;Congo Orientale;;;;;;;;;;;x;;
BEL_1992;Equateur;Equateur;Equateur;;;;;;;;;;;x;;
BEL_387;Flandres;Flandres;Flandres;;;;;;;;;;;x;;
BEL_395;Luxembourg;Luxembourg;Luxembourg;;;;;;;;;;;x;;
BOL_2305;Cuntinsuyu;Cuntinsuyu;Cuntinsuyu;;;;;;;;;;;x;;
BOL_2321;Tiwanaku;Tiwanaku;Tiwanaku;;;;;;;;;;;x;;
BUR_390;Brabant;;;;;;;;;;;;;x;;
BUR_432;Franche-Comté;;;;;;;;;;;;;x;;
CHI_1465;Mongolia;;;;;;;;;;;;;x;;
CHI_1597;Tamir Basin;;;;;;;;;;;;;x;;
CHI_1600;Dzungaria;;;;;;;;;;;;;x;;
CHI_2562;Formosa;Formose;Formoa;;;;;;;;;;;x;;
CHI_2608;Altaï-Sayan;;;;;;;;;;;;;x;;
CHL_2322;Antisuyu;Antisuyu;Antisuyu;;;;;;;;;;;x;;
CHL_2327;Talca;Talca;Talca;;;;;;;;;;;x;;
CLM_1723;Andagoya;Andagoya;Andagoya;;;;;;;;;;;x;;
DEN_251;Greenland;Groenland;Grönland;;;;;;;;;;;x;;
DEN_251;Greenland;Greenland;Greenland;;;;;;;;;;;x;;
DEN_334;Skane;Skane;Skane;;;;;;;;;;;x;;
DNG_1;Qingqiu;Qingqiu;Qingqiu;;;;;;;;;;;x;;
DNG_2;Dayan;Dayan;Dayan;;;;;;;;;;;x;;
DNG_3;Dongji;Dongji;Dongji;;;;;;;;;;;x;;
DNG_4;Xiazhou;Xiazhou;Xiazhou;;;;;;;;;;;x;;
DNG_5;Julinyutian;Julinyutian;Julinyutian;;;;;;;;;;;x;;
DNG_88;Shangu Siwang;Shangu Siwang;Shangu Siwang;;;;;;;;;;;x;;
EGY_1735;Tobruk;Tobruk;Tobruk;;;;;;;;;;;x;;
EGY_1746;Sinai;Sinai;Sinai;;;;;;;;;;;x;;
EGY_1750;Lower Egypt;Lower Egypt;Lower Egypt;;;;;;;;;;;x;;
EGY_1754;Libyan Coast;Côte lybienne;Lybische Küste;;;;;;;;;;;x;;
EGY_1754;Cyrenaica;Cyrenaica;Cyrenaica;;;;;;;;;;;x;;
EGY_1838;Kordofan;Kordofan;Kordofan;;;;;;;;;;;x;;
EGY_1842;Darfur;Darfour;Darfur;;;;;;;;;;;x;;
EGY_903;Upper Syria;Upper Syria;Upper Syria;;;;;;;;;;;x;;
EGY_910;Transjordan Palestine;Transjordan Palestine;Transjordan Palestine;;;;;;;;;;;x;;
EGY_915;Lebanon;Liban;Libanon;;;;;;;;;;;x;;
EGY_921;Palestine;Palestine;Palästina;;;;;;;;;;;x;;
EGY_921;Cisjordan Palestine;Cisjordan Palestine;Cisjordan Palestine;;;;;;;;;;;x;;
ENG_1321;Selon;Selon;Selon;;;;;;;;;;;x;;
ENG_1818;Maroua;Maroua;Maroua;;;;;;;;;;;x;;
ENG_1825;Abeche;Abeche;Abeche;;;;;;;;;;;x;;
ENG_1868;Somaliland;Somalie;Somaliland;;;;;;;;;;;x;;
ENG_1887;Kpelle;Kpelle;Kpelle;;;;;;;;;;;x;;
ENG_1956;South Cameroon;Sud du Cameroun;Süd-Kamerun;;;;;;;;;;;x;;
ENG_1956;South Adamawa;South Adamawa;South Adamawa;;;;;;;;;;;x;;
ENG_1960;North Cameroon;Nord du Cameroun;Nord-Kamerun;;;;;;;;;;;x;;
ENG_1960;North Adamawa;North Adamawa;North Adamawa;;;;;;;;;;;x;;
ENG_2019;Uganda;Ouganda;Uganda;;;;;;;;;;;x;;
ENG_2024;Kenya;Kenya;Kenia;;;;;;;;;;;x;;
ENG_2024;Kirinyasu;Kirinyasu;Kirinyasu;;;;;;;;;;;x;;
ENG_2026;Rift Valley;Vallée du Rift;Großer Afrikanischer Grabenbruch;;;;;;;;;;;x;;
ENG_2026;Kisumu;Kisumu;Kisumu;;;;;;;;;;;x;;
ENG_2029;Zanzibar;Zanzibar;Zanzibar;;;;;;;;;;;x;;
ENG_203;Caribbean Islands;Îles caraïbes;Karibische Inseln;;;;;;;;;;;x;;
ENG_2039;Kilwa;Kilwa;Kilwa;;;;;;;;;;;x;;
ENG_2083;Namaqualand;Namaqualand;Namaqualand;;;;;;;;;;;x;;
ENG_2087;Cape Colony;Colonie du Cap;Cape Colony;;;;;;;;;;;x;;
ENG_2087;Province du Cap;Province du Cap;Province du Cap;;;;;;;;;;;x;;
ENG_2092;Northern Cape;Cap nord;Northern Cape;;;;;;;;;;;x;;
ENG_2092;Trans-Oranje;Trans-Oranje;Trans-Oranje;;;;;;;;;;;x;;
ENG_2096;Eastern Cape;Cap oriental;Eastern Cape;;;;;;;;;;;x;;
ENG_2096;Oost Kaap;Oost Kaap;Oost Kaap;;;;;;;;;;;x;;
ENG_2097;Ylnerdam;Ylnerdam;Ylnerdam;;;;;;;;;;;x;;
ENG_2132;Atlantic Islands;Atlantic Islands;Atlantic Islands;;;;;;;;;;;x;;
ENG_2509;Motu Pari;Motu Pari;Motu Pari;;;;;;;;;;;x;;
ENG_2513;Motu Timu;Motu Timu;Motu Timu;;;;;;;;;;;x;;
ESK_1;Euskadia;Euskadi;Euskadi;;;;;;;;;;;x;;
ETH_1874;Adal;Adal;Adal;;;;;;;;;;;x;;
FRA_1700;Constantine;Constantine;Constantine;;;;;;;;;;;x;;
FRA_1775;Mauritanian Coast;Côte de la Mauritanie;Mauretanische Küste;;;;;;;;;;;x;;
FRA_1780;Inner Mauritania;Mauritanie intérieure;Inneres Mauritanien;;;;;;;;;;;x;;
FRA_1783;Senegal;Sénégal;Senegal;;;;;;;;;;;x;;
FRA_1788;Gambia;Gambie;Gambia;;;;;;;;;;;x;;
FRA_1803;Mali;Mali;Mali;;;;;;;;;;;x;;
FRA_1813;Niger;Niger;Niger;;;;;;;;;;;x;;
FRA_1880;Timba;Timba;Timba;;;;;;;;;;;x;;
FRA_1884;Sierra Leone;Sierra Leone;Sierra Leone;;;;;;;;;;;x;;
FRA_1892;East Ivory Coast;Est de la Côte d’Ivoire;Östliche Elfenbeinküste;;;;;;;;;;;x;;
FRA_1892;Gyaaman;Gyaaman;Gyaaman;;;;;;;;;;;x;;
FRA_1893;West Ivory Coast;Ouest de la Côte d’Ivoire;Westliche Elfenbeinküste;;;;;;;;;;;x;;
FRA_1893;Dyula;Dyula;Dyula;;;;;;;;;;;x;;
FRA_1919;Dahomey;Dahomey;Dahomey;;;;;;;;;;;x;;
FRA_1923;Ife;Ife;Ife;;;;;;;;;;;x;;
FRA_1930;Kogi;Kogi;Kogi;;;;;;;;;;;x;;
FRA_1972;Ntumu;Ntumu;Ntumu;;;;;;;;;;;x;;
FRA_1978;Congo;Congo;Kongo;;;;;;;;;;;x;;
FRA_399;Pas de Calais;Pas de Calais;Pas de Calais;;;;;;;;;;;x;;
FRA_411;Lorraine;;;;;;;;;;;;;x;;
FRA_412;Alsace;;;;;;;;;;;;;x;;
GAN_10;Oodnatta;Oodnatta;Oodnatta;;;;;;;;;;;x;;
GAN_11;Pitjantjatjara;Pitjantjatjara;Pitjantjatjara;;;;;;;;;;;x;;
GAN_6;Yolngu;Yolngu;Yolngu;;;;;;;;;;;x;;
GAN_7;Noongar;Noongar;Noongar;;;;;;;;;;;x;;
GAN_8;Coomalong;Coomalong;Coomalong;;;;;;;;;;;x;;
GEN_724;Liguria;Ligurie;Liguria;;;;;;;;;;;x;;
GEO_1;Phasis;Phasis;Phasis;;;;;;;;;;;x;;
GRQ_2081;Noordland;Noordland;Noordland;;;;;;;;;;;x;;
HAI_2213;Sudurhafeyjar;;;;;;;;;;;;;x;;
HAM_528;Hanover;Hanover;Hanover;;;;;;;;;;;x;;
HAN_534;East Frisia;East Frisia;East Frisia;;;;;;;;;;;x;;
HEK_568;Braunschweig;Braunschweig;Braunschweig;;;;;;;;;;;x;;
HES_2560;Palatinate;Palatinate;Palatinate;;;;;;;;;;;x;;
HES_566;Hessen;Hessen;Hessen;;;;;;;;;;;x;;
HOL_369;Holstein;;;;;;;;;;;;;x;;
INC_2308;Atacama;Atacama;Atacama;;;;;;;;;;;x;;
JAP_1086;Karafuto;Karafuto;Karafuto;;;;;;;;;;;x;;
JAP_1088;Ezo;Ezo;Ezo;;;;;;;;;;;x;;
JAP_1088;Hokkaido;Hokkaido;Hokkaido;;;;;;;;;;;x;;
JAP_1640;Saigoku;Saigoku;Saigoku;;;;;;;;;;;x;;
JAP_1649;Kantou;Kantou;Kantou;;;;;;;;;;;x;;
JAP_1655;Kinai;Kinai;Kinai;;;;;;;;;;;x;;
JAP_1660;Kyushu;Kyushu;Kyushu;;;;;;;;;;;x;;
JAP_1665;Shikoku;Shikoku;Shikoku;;;;;;;;;;;x;;
JAP_1672;Oushu;Oushu;Oushu;;;;;;;;;;;x;;
JAP_1675;Toukai;Toukai;Toukai;;;;;;;;;;;x;;
LOT_1;Côte du Café;Côte du Café;Côte du Café;;;;;;;;;;;x;;
LOT_2;Nouvelle Alsace;Nouvelle Alsace;Nouvelle Alsace;;;;;;;;;;;x;;
LOT_3;Marches Ouest;Marches Ouest;Marches Ouest;;;;;;;;;;;x;;
LOT_4;Lorraine Atlantique;Lorraine Atlantique;Lorraine Atlantique;;;;;;;;;;;x;;
LOT_5;Bourgogne-du-Sud;Lorraine-du-Sud;Lorraine-du-Sud;;;;;;;;;;;x;;
LOT_6;Transfleuve;Transfleuve;Transfleuve;;;;;;;;;;;x;;
LUA_1356;Laos;;;;;;;;;;;;;x;;
MEX_103;Terras Vermelhas;Terras Vermelhas;Terras Vermelhas;;;;;;;;;;;x;;
MEX_2138;Santa Catarina;Santa Catarina;Santa Catarina;;;;;;;;;;;x;;
MEX_2142;Tejas;Tejas;Tejas;;;;;;;;;;;x;;
MEX_2177;Oaxaca;Oaxaca;Oaxaca;;;;;;;;;;;x;;
MEX_90;California;California;California;;;;;;;;;;;x;;
MLT_1;Malta;Malta;Malta;;;;;;;;;;;x;;
MON_1075;Buryat;Buryat;Buryat;;;;;;;;;;;x;;
MOR_1694;Agadir;Agadir;Agadir;;;;;;;;;;;x;;
MOR_1696;West Morocco;Maroc Occidental;West-Marokko;;;;;;;;;;;x;;
MUG_1;Awadh;;;;;;;;;;;;;x;;
MUG_2;Allahabad;;;;;;;;;;;;;x;;
MUG_3;Malwa;;;;;;;;;;;;;x;;
NA_1;Messipi Supérieur;Messipi Supérieur;Messipi Supérieur;;;;;;;;;;;x;;
NA_10;Kita Kaigan;Kita kaigan;Kita kaigan;;;;;;;;;;;x;;
NA_11;Guretonosu;Guretonosu;Guretonosu;;;;;;;;;;;x;;
NA_12;Odensmark;Odensmark;Odensmark;;;;;;;;;;;x;;
NA_16;Athesia;Athesia;Athesia;;;;;;;;;;;x;;
NA_2;Terres-Rouges;Terres-Rouges;Terres-Rouges;;;;;;;;;;;x;;
NA_2631;Tosayamada;Tosayamada;Tosayamada;;;;;;;;;;;x;;
NA_3;Nouveau Lancastre;Nouveau Lancastre;Nouveau Lancastre;;;;;;;;;;;x;;
NA_30;Røhnnst;Røhnnst;Røhnnst;;;;;;;;;;;x;;
NA_4;Terres-Cau;Terres-Cau;Terres-Cau;;;;;;;;;;;x;;
NA_7;Terres-Maha;Terres-Maha;Terres-Maha;;;;;;;;;;;x;;
NA_8;Tjørnin;Tjørnin;Tjørnin;;;;;;;;;;;x;;
NA_9;Torsmark;Torsmark;Torsmark;;;;;;;;;;;x;;
NAN_1;Northumbia;Northumbia;Northumbia;;;;;;;;;;;x;;
NAN_2;Wessex;Wessex;Wessex;;;;;;;;;;;x;;
NAN_3;Avalon;Avalon;Avalon;;;;;;;;;;;x;;
NAN_4;Godwinson;Godwinson;Godwinson;;;;;;;;;;;x;;
NAN_5;New Cornwall;New Cornwall;New Cornwall;;;;;;;;;;;x;;
NBG_1;Nouvelle Flandre;Nouvelle Flandre;Nouvelle Flandre;;;;;;;;;;;x;;
NBG_2;Philippa;Philippa;Philippa;;;;;;;;;;;x;;
NBG_3;Flandre Supérieure;Flandre Supérieure;Flandre Supérieure;;;;;;;;;;;x;;
NBG_4;Haute Valoisie;Haute Valoisie;Haute Valoisie;;;;;;;;;;;x;;
NBG_5;Basse Valoisie;Basse Valoisie;Basse Valoisie;;;;;;;;;;;x;;
NBG_6;Nouvelle Lorraine;Nouvelle Lorraine;Nouvelle Lorraine;;;;;;;;;;;x;;
NBG_7;Carolina;Carolina;Carolina;;;;;;;;;;;x;;
NET_1426;Lanfang;Lanfang;Lanfang;;;;;;;;;;;x;;
ORA_2103;Vrystaat;Vrystaat;Vrystaat;;;;;;;;;;;x;;
PAN_1233;Amritsar;Amritsar;Amritsar;;;;;;;;;;;x;;
PEU_2297;Cuzco;Cuzco;Cuzco;;;;;;;;;;;x;;
PLA_1;Nouveau Leinstre;Nouveau Leinstre;Nouveau Leinstre;;;;;;;;;;;x;;
PLA_2;Léonie;Léonie;Léonie;;;;;;;;;;;x;;
PLA_3;Charlésie;Charlésie;Charlésie;;;;;;;;;;;x;;
PLA_4;Pays Chérokîs;Pays Chérokîs;Pays Chérokîs;;;;;;;;;;;x;;
PLA_5;Tuskgi;Tuskgi;Tuskgi;;;;;;;;;;;x;;
PLA_6;Alibamon;Alibamon;Alibamon;;;;;;;;;;;x;;
PLA_7;Nouvelle France;Nouvelle France;Nouvelle France;;;;;;;;;;;x;;
PLA_8;Messippi;Messippi;Messippi;;;;;;;;;;;x;;
PLA_9;Pays des Illinois;Pays des Illinois;Pays des Illinois;;;;;;;;;;;x;;
POR_1999;North Angola;Nord de l’Angola;Nord-Angola;;;;;;;;;;;x;;
POR_2003;South Angola;Sud de l’Angola;Süd-Angola;;;;;;;;;;;x;;
POR_2006;East Angola;Est de l’Angola;Ost-Angola;;;;;;;;;;;x;;
POR_2049;Nieuw Vlaanderen;Nieuw Vlaanderen;Nieuw Vlaanderen;;;;;;;;;;;x;;
POR_2060;Mocambique;Mozambique;Mosambik;;;;;;;;;;;x;;
POR_2060;Makua;Makua;Makua;;;;;;;;;;;x;;
PRU_553;Anhalt;Anhalt;Anhalt;;;;;;;;;;;x;;
PRU_682;Silesia;;;;;;;;;;;;;x;;
RUS_1034;Idel;;;;;;;;;;;;;x;;
RUS_1060;Jaïk;;;;;;;;;;;;;x;;
RUS_1064;Qashliq;Qashliq;Qashliq;;;;;;;;;;;x;;
RUS_1065;Yamalia;Yamalia;Yamalia;;;;;;;;;;;x;;
RUS_1069;Eventi;Eventi;Eventi;;;;;;;;;;;x;;
RUS_1070;Chuvash;Chuvash;Chuvash;;;;;;;;;;;x;;
RUS_1071;Yakuts;Yakuts;Yakuts;;;;;;;;;;;x;;
RUS_1072;Nivkh;Nivkh;Nivkh;;;;;;;;;;;x;;
RUS_1074;Dembei;Dembei;Dembei;;;;;;;;;;;x;;
RUS_1079;Yilehuli;Yilehuli;Yilehuli;;;;;;;;;;;x;;
RUS_1184;Astana;;;;;;;;;;;;;x;;
RUS_1185;Zhetysu;;;;;;;;;;;;;x;;
RUS_1469;Tannu Tuva;Tannu Tuva;Tannu Tuva;;;;;;;;;;;x;;
RUS_2589;Naryan-Mara;Naryan-Mara;Naryan-Mara;;;;;;;;;;;x;;
RUS_2590;Yupik;Yupik;Yupik;;;;;;;;;;;x;;
RUS_2615;Nenets;Nenets;Nenets;;;;;;;;;;;x;;
RUS_2642;Oroch;Oroch;Oroch;;;;;;;;;;;x;;
RUS_2653;Sakha;Sakha;Sakha;;;;;;;;;;;x;;
RUS_2668;Yana;Yana;Yana;;;;;;;;;;;x;;
RUS_2685;Iset;Iset;Iset;;;;;;;;;;;x;;
RUS_2694;Kets;Kets;Kets;;;;;;;;;;;x;;
RUS_979;Don;;;;;;;;;;;;;x;;
SA_1;Amazonie Profonde;Amazonie Profonde;Amazonie Profonde;;;;;;;;;;;x;;
SA_2;Proche Amazonie;Proche Amazonie;Proche Amazonie;;;;;;;;;;;x;;
SA_3;Amazonie Inférieure;Amazonie Inférieure;Amazonie Inférieure;;;;;;;;;;;x;;
SA_4;Chaco Boreal;Chaco Boreal;Chaco Boreal;;;;;;;;;;;x;;
SA_5;Grand Chaco;Grand Chaco;Grand Chaco;;;;;;;;;;;x;;
SA_6;Collasuyu;Collasuyu;Collasuyu;;;;;;;;;;;x;;
SA_7;Rapa Nui;Rapa Nui;Rapa Nui;;;;;;;;;;;x;;
SA_8;Tapt Ø;Tapt Ø;Tapt Ø;;;;;;;;;;;x;;
SA_9;Land's End;;;;;;;;;;;;;x;;
SAX_1;Thüringen;Thüringen;Thüringen;;;;;;;;;;;x;;
SCA_252;Iceland;Iceland;Iceland;;;;;;;;;;;x;;
SCA_334;Skane;Skane;Skane;;;;;;;;;;;x;;
SCA_345;Western Finland;;;;;;;;;;;;;x;;
SCH_370;Schleswig;;;;;;;;;;;;;x;;
SIA_1355;Lanna;;;;;;;;;;;;;x;;
SIA_1358;Isan;;;;;;;;;;;;;x;;
SIA_1366;Khmer;Khmer;Khmer;;;;;;;;;;;x;;
SIA_1392;Ayutthaya;;;;;;;;;;;;;x;;
SPA_1455;Lusong;Lusong;Lusong;;;;;;;;;;;x;;
SPA_2209;Habana;Habana;Habana;;;;;;;;;;;x;;
SPA_506;Cartagena;;;;;;;;;;;;;x;;
TEX_132;Lusitania;Lusitania;Lusitania;;;;;;;;;;;x;;
TEX_134;Bahia;Bahia;Bahia;;;;;;;;;;;x;;
TIB_1588;Lhasa;Lhasa;Lhasa;;;;;;;;;;;x;;
TRI_1739;Libyan Desert;Désert de Lybie;Lybische Wüste;;;;;;;;;;;x;;
TRI_1739;Al Kufrah;Al Kufrah;Al Kufrah;;;;;;;;;;;x;;
TRI_1741;Murzuk;Murzuk;Murzuk;;;;;;;;;;;x;;
TRI_1743;Tripolitania;Tripolitania;Tripolitania;;;;;;;;;;;x;;
TRI_1743;Fezzan;Fezzan;Fezzan;;;;;;;;;;x;;;
TRN_2108;Transvaal;Transvaal;Transvaal;;;;;;;;;;x;;;
TUR_806;North Macedonia;Macédoine du Nord;Nordmazedonien;;;;;;;;;;x;;;
TUR_819;West Macedonia;Macédoine de l'Ouest;Westmazedonien;;;;;;;;;;x;;;
TUR_859;Eastern Thrace;;;;;;;;;;;;x;;;
TUR_860;Constantinople;;;;;;;;;;;;x;;;
TUR_863;Bithynia;Bithynia;Bithynia;;;;;;;;;;x;;;
TUR_869;Asia Minor;Asia Minor;Asia Minor;;;;;;;;;;x;;;
TUR_876;Anatolia;Anatolia;Anatolia;;;;;;;;;;x;;;
TUR_881;Pontus;Pontus;Pontus;;;;;;;;;;x;;;
TUR_885;Lesser Armenia;Lesser Armenia;Lesser Armenia;;;;;;;;;;x;;;
TUR_889;North Kurdistan;North Kurdistan;North Kurdistan;;;;;;;;;;x;;;
TUR_897;Lower Syria;Lower Syria;Lower Syria;;;;;;;;;;x;;;
TUR_923;South Kurdistan;South Kurdistan;South Kurdistan;;;;;;;;;;x;;;
TUR_931;South Iraq;South Iraq;South Iraq;;;;;;;;;;x;;;
TUR_935;al-Basrah;al-Basrah;al-Basrah;;;;;;;;;;x;;;
UCA_2191;San Salvador;San Salvador;San Salvador;;;;;;;;;;x;;;
UCA_2197;Managua;Managua;Managua;;;;;;;;;;x;;;
VEN_1784;Terra d'Oro;Terra d'Oro;Terra d'Oro;;;;;;;;;;x;;;
VIN_1;Trävälde;Trävälde;Trävälde;;;;;;;;;;x;;;
VIN_10;Helluland;Helluland;Helluland;;;;;;;;;;x;;;
VIN_2;Østerland;Østerland;Østerland;;;;;;;;;;x;;;
VIN_3;Vinland;Vinland;Vinland;;;;;;;;;;x;;;
VIN_4;Storsjøarna;Storsjøarna;Storsjøarna;;;;;;;;;;x;;;
VIN_5;Kroneland;Kroneland;Kroneland;;;;;;;;;;x;;;
VIN_6;Markland;Markland;Markland;;;;;;;;;;x;;;
VIN_7;Nye Trøndelag;Nye Trøndelag;Nye Trøndelag;;;;;;;;;;x;;;
VIN_8;Skrælingmark;Skrælingmark;Skrælingmark;;;;;;;;;;x;;;
VIN_9;Kristiania;Kristiania;Kristiania;;;;;;;;;;x;;;
WLS_1;Cymru;;;;;;;;;;;;x;;;
